{"idx":[1,2,3,4,5,6,7,8,9,10,11,12,13,14,15,16,17,18,19,20,21,22,23,24,25,26,27,28,29,30],"framerate":25,"nTracks":30,"diamPart":1.1,"length_idx":30,"tr":1.0163151075245016,"tauMax":157,"D":0.3968585435237266,"um_px":0.08034258076437932,"Dr":0.983946802124942}