{"idx":[1,2,3,4,5,6,7,8,9,10,11,12,13,14,15,16,17,18,19,20,21,22,23,24,25,26,27,28,29,30,31,32,33,34,35,36,37,38,39,40,41,42,43,44,45,46],"framerate":25,"nTracks":46,"diamPart":3,"length_idx":46,"tr":20.616459731901987,"tauMax":155,"D":0.1455147992920331,"um_px":0.12051387114656897,"Dr":0.04850493309734436}