xMSD,MSD,yerror
0.0,0.0,0.0
0.08333333333333333,0.06250712309009153,0.02376927833247042
0.16666666666666666,0.1726250336045925,0.07216890671416842
0.25,0.31424576753425165,0.1406307138438722
0.3333333333333333,0.46956058310160254,0.22699697122980697
0.4166666666666667,0.6275129085686123,0.3292530052422539
0.5,0.78224809509383,0.4454592069454133
0.5833333333333334,0.9332351836635392,0.5739996127466971
0.6666666666666666,1.0841838529173977,0.7174974071781106
0.75,1.2375309732161441,0.8773904335276564
0.8333333333333334,1.3936388464574272,1.0524059156248988
0.9166666666666666,1.5523409242115824,1.2415180722921513
1.0,1.7156488679578743,1.4487657418890618
1.0833333333333333,1.8814272390330082,1.6700104654841557
1.1666666666666667,2.052905614542028,1.911942728429502
1.25,2.259646081006193,2.1864868674289357
1.3333333333333333,2.443533460944299,2.469696056147448
1.4166666666666667,2.4371782470195282,2.4707883031353064
1.5,2.6073326870715046,2.7570510879792525
1.5833333333333333,2.7804534719556533,3.0625804723716348
1.6666666666666667,2.9550400453980585,3.384242199079314
1.75,3.1312315717345016,3.723427600074558
1.8333333333333333,3.3094254159554244,4.0800896015850965
1.9166666666666667,3.4783639822392933,4.506427376195899
2.0,3.6619865028699805,4.901532140663884
2.0833333333333335,3.847190127138676,5.308398059359583
2.1666666666666665,4.037283355734191,5.7344945182477325
2.25,4.232287515079703,6.177049068718603
2.3333333333333335,4.432677888310741,6.636119080669809
2.4166666666666665,4.638783773195425,7.1139742273963185
2.5,4.88826903382858,7.695830013576333
2.5833333333333335,5.108873387907784,8.218503658098113
2.6666666666666665,5.336158707785778,8.765345501267472
2.75,5.568961837903787,9.333047953113336
2.8333333333333335,5.807048609866224,9.920644872303695
2.9166666666666665,6.050245045755108,10.52645737628743
3.0,6.299594282716176,11.15882728535093
3.0833333333333335,6.531430880257544,11.957203229065422
3.1666666666666665,6.784996677103361,12.624936612759761
3.25,7.04052708718569,13.298898390100694
3.3333333333333335,7.2976457194172495,13.978053985593771
