{"idx":[1,2,3,4,5,6,7,8,9,10,11,12,13,14,15,16,17,18,19,20,21,22,23],"framerate":25,"nTracks":23,"diamPart":3,"length_idx":23,"tr":20.616459731901987,"tauMax":153,"D":0.1455147992920331,"um_px":0.08034258076437932,"Dr":0.04850493309734436}